<?xml version="1.0" encoding="UTF-8"?>
<project-private xmlns="http://www.netbeans.org/ns/project-private/1">
    <editor-bookmarks xmlns="http://www.netbeans.org/ns/editor-bookmarks/2" lastBookmarkId="0"/>
    <open-files xmlns="http://www.netbeans.org/ns/projectui-open-files/2">
        <group>
            <file>file:/home/roy/Dropbox/TUe/Artificial%20Intelligence/assignment1/2ID90-Group-43/src/nl/tue/s2id90/group43/MyDraughtsPlugin.java</file>
            <file>file:/home/roy/Dropbox/TUe/Artificial%20Intelligence/assignment1/2ID90-Group-43/src/nl/tue/s2id90/group43/heuristics/CCCDepthHeuristic.java</file>
            <file>file:/home/roy/Dropbox/TUe/Artificial%20Intelligence/assignment1/2ID90-Group-43/src/nl/tue/s2id90/group43/heuristics/CCClusterHeuristic.java</file>
        </group>
    </open-files>
</project-private>
